player_id,season_label,tackles_won,blocks,interceptions,aerials_won,pass_completed,minutes_played,market_value,market_value_next_season,age_in_days
15,2017-2018,42,34,68,15,2074,2744,60000000,50000000,10148
15,2018-2019,22,24,60,16,2279,2991,50000000,40000000,10513
15,2019-2020,13,12,37,6,1858,2187,40000000,20000000,10878
15,2020-2021,30,21,49,4,2479,3025,20000000,9000000,11243
15,2021-2022,34,26,33,13,2334,2644,9000000,,11609
19,2019-2020,23,29,42,74,1635,3237,3200000,2500000,12172
19,2020-2021,15,32,22,65,1829,3115,2500000,3000000,12537
19,2021-2022,15,24,21,41,1339,2465,3000000,,12903
21,2017-2018,24,28,30,28,544,2184,1500000,,11473
30,2021-2022,19,10,11,9,915,1098,1000000,,13755
33,2017-2018,23,14,38,29,1444,2045,5000000,3000000,9052
33,2018-2019,31,31,43,48,1064,2763,3000000,,9417
36,2017-2018,44,31,38,36,1003,2426,100000,5000000,9980
36,2018-2019,46,24,41,49,1386,3028,5000000,4000000,10345
36,2019-2020,31,23,33,50,990,2360,4000000,1500000,10710
36,2020-2021,8,7,13,17,510,901,1500000,1500000,11075
36,2021-2022,13,6,10,10,590,1083,1500000,,11441
53,2017-2018,2,2,2,5,81,184,700000,,11232
60,2017-2018,24,24,17,15,599,1549,4000000,2000000,10534
60,2018-2019,6,6,2,5,169,523,2000000,1600000,10899
60,2019-2020,10,4,2,10,183,563,1600000,1200000,11264
60,2020-2021,15,22,7,14,715,1689,1200000,1200000,11629
60,2021-2022,24,27,21,33,765,2027,1200000,,11995
65,2017-2018,28,19,32,51,939,1420,17500000,22000000,9483
65,2018-2019,55,46,60,74,1991,2928,22000000,17500000,9848
65,2019-2020,34,45,35,98,1426,2524,17500000,10000000,10213
65,2020-2021,16,19,40,58,776,1694,10000000,6000000,10578
65,2021-2022,14,39,33,59,926,1993,6000000,,10944
82,2021-2022,2,2,11,7,287,663,900000,,12323
173,2017-2018,22,27,66,102,960,2868,7000000,6000000,10036
173,2018-2019,14,46,40,130,1198,2727,6000000,4800000,10401
173,2019-2020,16,19,24,115,827,2259,4800000,,10766
189,2017-2018,9,9,14,10,642,885,3000000,,9910
202,2017-2018,12,22,24,43,939,2028,12000000,8000000,11041
202,2018-2019,17,30,16,70,896,2136,8000000,4800000,11406
202,2019-2020,8,19,14,29,766,1437,4800000,,11771
205,2017-2018,10,15,19,14,383,860,1000000,2400000,12729
205,2019-2020,16,20,48,161,892,2793,2400000,7500000,13459
205,2020-2021,17,36,59,159,988,3150,7500000,20000000,13824
205,2021-2022,14,27,52,134,1169,3105,20000000,,14190
211,2017-2018,66,58,58,57,1406,2806,18000000,10000000,9535
211,2018-2019,43,48,42,53,1059,2599,10000000,6000000,9900
211,2019-2020,20,25,26,41,831,1962,6000000,5000000,10265
211,2020-2021,34,26,30,34,921,1851,5000000,3000000,10630
211,2021-2022,4,6,6,8,295,623,3000000,,10996
214,2017-2018,33,33,59,54,1044,2554,35000000,20000000,11277
214,2018-2019,30,22,45,83,844,2509,20000000,,11642
219,2017-2018,26,34,53,58,1221,2898,9000000,8000000,9855
219,2018-2019,35,34,37,79,1209,2964,8000000,,10220
256,2017-2018,24,14,26,5,536,1307,5000000,5000000,14780
256,2017-2018,44,29,63,39,1335,3057,5000000,3000000,14780
256,2018-2019,22,13,19,14,774,1609,3000000,3000000,15145
256,2018-2019,12,9,19,18,433,1459,3000000,,15145
258,2017-2018,17,8,19,5,309,784,1500000,,9774
273,2017-2018,22,19,21,25,852,1528,1200000,,11353
287,2019-2020,2,2,2,3,95,195,550000,,10872
298,2017-2018,35,7,18,15,455,966,1000000,1000000,11303
298,2018-2019,40,27,40,31,848,1948,1000000,800000,11668
298,2019-2020,34,12,21,25,502,1384,800000,800000,12033
298,2019-2020,5,1,1,0,18,90,800000,600000,12033
298,2020-2021,5,2,3,2,109,248,600000,700000,12398
298,2021-2022,6,7,4,0,155,462,700000,,12764
302,2017-2018,52,27,35,17,956,1659,8000000,3000000,11468
302,2018-2019,36,18,44,18,1254,2030,3000000,,11833
304,2017-2018,26,26,36,13,681,2021,2000000,1500000,9422
304,2018-2019,10,22,15,13,462,1258,1500000,,9787
316,2017-2018,37,26,30,9,1569,2260,60000000,25000000,10461
316,2018-2019,19,19,17,7,1267,1853,25000000,16000000,10826
316,2019-2020,11,19,18,10,872,1296,16000000,7500000,11191
316,2020-2021,21,13,10,5,699,1050,7500000,3000000,11556
316,2021-2022,4,7,1,3,385,525,3000000,,11922
319,2017-2018,21,15,19,21,706,1658,6000000,6000000,10124
319,2018-2019,32,29,27,37,1029,2421,6000000,3200000,10489
319,2019-2020,3,6,8,7,162,541,3200000,2000000,10854
319,2020-2021,17,12,12,12,571,1520,2000000,1800000,11219
319,2021-2022,37,20,19,22,867,1679,1800000,,11585
323,2017-2018,0,0,0,1,3,3,500000,,11225
343,2019-2020,16,20,43,53,1131,2390,3200000,1500000,11997
343,2020-2021,19,14,31,32,976,2082,1500000,,12362
346,2017-2018,48,35,53,33,976,2152,8000000,2000000,9394
346,2020-2021,3,1,2,8,126,239,2000000,1500000,10489
346,2021-2022,12,6,11,10,251,518,1500000,,10855
358,2017-2018,40,21,46,34,1064,2074,800000,2000000,13340
358,2018-2019,19,19,32,30,922,1698,2000000,2000000,13705
358,2018-2019,66,43,45,29,1274,3150,2000000,2400000,13705
358,2019-2020,6,5,12,13,248,439,2400000,2400000,14070
358,2019-2020,22,36,25,10,820,1893,2400000,2000000,14070
358,2020-2021,14,19,40,31,1124,2000,2000000,2000000,14435
358,2020-2021,21,21,29,21,736,1813,2000000,,14435
361,2017-2018,6,4,0,3,36,279,400000,500000,13327
361,2020-2021,0,0,0,0,1,9,500000,,14422
363,2017-2018,22,13,29,18,412,1046,100000,,12609
364,2017-2018,25,14,19,11,678,1763,5000000,4000000,11364
364,2018-2019,21,23,29,15,1366,2712,4000000,3200000,11729
364,2019-2020,15,20,31,15,2041,3369,3200000,3000000,12094
364,2020-2021,21,10,37,20,1668,2827,3000000,3000000,12459
364,2021-2022,13,15,17,13,1095,1786,3000000,,12825
378,2018-2019,38,31,46,63,1195,3100,2000000,2000000,10725
378,2019-2020,16,30,61,46,1106,2943,2000000,1000000,11090
378,2020-2021,2,2,7,2,89,177,1000000,,11455
399,2020-2021,2,5,4,4,43,253,150000,,13458
410,2017-2018,22,40,30,64,1669,2632,50000000,35000000,10926
410,2018-2019,27,41,36,116,2196,3150,35000000,20000000,11291
410,2019-2020,23,39,36,127,2470,3092,20000000,10000000,11656
410,2020-2021,11,9,26,61,1170,1481,10000000,5000000,12021
410,2021-2022,12,19,34,80,1514,2092,5000000,,12387
419,2018-2019,42,39,50,69,788,2785,3000000,2000000,9765
419,2020-2021,24,32,52,61,1358,2885,2000000,,10495
424,2017-2018,14,12,25,53,578,1302,500000,1000000,11756
424,2018-2019,13,10,18,62,644,1677,1000000,650000,12121
424,2019-2020,2,2,4,21,174,457,650000,,12486
426,2017-2018,29,22,47,84,1717,2289,45000000,25000000,11235
426,2018-2019,32,29,37,59,1777,2474,25000000,14500000,11600
426,2019-2020,31,22,49,67,1963,3013,14500000,10000000,11965
426,2020-2021,12,9,19,30,1019,1275,10000000,,12330
437,2017-2018,40,18,39,14,1634,2225,55000000,50000000,9095
437,2018-2019,20,18,43,28,1599,2088,50000000,40000000,9460
437,2019-2020,22,12,33,28,1955,2339,40000000,18000000,9825
437,2020-2021,6,12,10,10,795,946,18000000,6000000,10190
437,2021-2022,1,2,4,2,230,400,6000000,,10556
456,2017-2018,22,27,58,59,1218,2416,12000000,7000000,10203
456,2018-2019,19,28,38,47,1039,1975,7000000,2200000,10568
456,2020-2021,7,17,44,65,1121,2157,2200000,1500000,11298
456,2021-2022,9,18,29,46,778,1424,1500000,,11664
462,2017-2018,3,1,3,2,28,101,1000000,,11231
490,2018-2019,23,10,14,28,461,1026,2000000,300000,11269
490,2021-2022,4,6,7,29,257,712,300000,,12365
507,2017-2018,13,9,13,5,248,673,800000,,11296
536,2017-2018,26,14,14,13,318,731,1000000,4000000,10068
536,2018-2019,31,41,53,48,1009,2354,4000000,3200000,10433
536,2019-2020,42,31,40,57,898,2492,3200000,600000,10798
536,2021-2022,5,2,3,3,70,203,600000,,11529
550,2017-2018,2,5,6,2,99,270,2000000,,10107
558,2017-2018,42,22,24,44,1293,2373,2500000,2000000,10796
558,2018-2019,8,15,5,10,527,934,2000000,1600000,11161
558,2019-2020,5,2,8,7,377,641,1600000,600000,11526
558,2021-2022,14,5,17,8,423,1020,600000,,12257
564,2017-2018,9,18,16,11,522,894,1500000,3000000,9728
564,2018-2019,3,6,8,15,245,585,3000000,1600000,10093
564,2019-2020,9,16,36,65,482,1777,1600000,1200000,10458
564,2020-2021,9,12,23,50,474,1529,1200000,1000000,10823
564,2021-2022,10,21,18,35,806,1551,1000000,,11189
569,2017-2018,21,22,43,56,1134,1891,2500000,1500000,11402
569,2018-2019,26,31,33,70,793,1897,1500000,,11767
580,2018-2019,0,0,2,2,47,90,200000,,12959
584,2017-2018,23,17,34,23,543,1383,2000000,2000000,10843
584,2018-2019,27,18,40,24,696,1817,2000000,1200000,11208
584,2019-2020,18,9,13,17,462,989,1200000,800000,11573
584,2020-2021,10,13,14,15,363,835,800000,600000,11938
584,2021-2022,2,1,2,4,57,118,600000,,12304
585,2019-2020,6,6,16,29,369,929,475000,900000,9599
585,2020-2021,9,9,20,46,436,1136,900000,,9964
586,2017-2018,43,30,46,33,1262,2536,9000000,4000000,10516
586,2018-2019,21,12,21,25,768,1495,4000000,3200000,10881
586,2019-2020,23,11,24,16,671,1389,3200000,2000000,11246
586,2020-2021,6,7,6,3,202,351,2000000,1200000,11611
586,2021-2022,26,22,23,25,724,1828,1200000,,11977
605,2017-2018,4,5,13,12,161,360,1500000,1500000,10071
605,2017-2018,36,20,43,39,770,1619,1500000,1500000,10071
605,2018-2019,28,7,45,35,562,1412,1500000,,10436
606,2017-2018,18,31,30,12,1162,2798,3500000,7000000,9856
606,2018-2019,27,23,38,20,1085,2629,7000000,1500000,10221
606,2020-2021,7,12,10,9,480,1117,1500000,,10951
635,2020-2021,32,38,51,96,1130,3015,4500000,2000000,10453
635,2021-2022,24,30,31,71,908,2699,2000000,,10819
650,2019-2020,0,0,0,0,6,15,725000,,10369
651,2017-2018,20,17,30,40,595,1440,32000000,32000000,9361
651,2017-2018,9,9,23,29,611,1055,32000000,32000000,9361
651,2018-2019,26,24,69,91,1138,2902,32000000,25500000,9726
651,2019-2020,30,28,39,112,1200,2970,25500000,20000000,10091
651,2020-2021,15,17,28,69,1208,2519,20000000,25000000,10456
651,2021-2022,13,22,39,69,952,2341,25000000,,10822
667,2019-2020,16,15,25,12,825,1471,6000000,2500000,9676
667,2020-2021,4,2,3,0,85,193,2500000,0,10041
667,2021-2022,7,13,27,7,493,1223,0,,10407
668,2017-2018,3,3,10,24,441,720,4000000,6000000,10577
668,2018-2019,9,34,31,37,1037,1933,6000000,,10942
669,2017-2018,18,12,33,24,506,1127,2500000,3000000,9046
669,2018-2019,34,18,37,29,687,1406,3000000,,9411
675,2018-2019,24,7,20,23,471,1708,3000000,3200000,10828
675,2019-2020,25,24,14,36,572,2422,3200000,2000000,11193
675,2020-2021,23,16,22,51,577,2323,2000000,1000000,11558
675,2021-2022,1,2,2,4,61,244,1000000,,11924
696,2017-2018,16,25,35,38,668,2298,4000000,3000000,8606
696,2018-2019,6,24,16,25,651,1619,3000000,1000000,8971
696,2020-2021,4,3,2,6,99,304,1000000,800000,9701
696,2021-2022,2,4,3,7,97,243,800000,,10067
719,2017-2018,64,34,46,21,1175,2877,2500000,3500000,10476
719,2018-2019,62,47,46,31,1317,3240,3500000,3200000,10841
719,2019-2020,32,25,27,35,997,2592,3200000,1500000,11206
719,2020-2021,39,43,31,0,863,2434,1500000,1500000,11571
719,2021-2022,47,46,31,25,997,2711,1500000,,11937
723,2017-2018,5,12,12,5,215,610,800000,500000,11497
723,2018-2019,9,22,17,20,485,1098,500000,,11862
733,2017-2018,19,27,33,49,1211,2322,70000000,70000000,8652
733,2018-2019,18,21,32,89,1527,2754,70000000,64000000,9017
733,2019-2020,17,32,31,80,1466,2822,64000000,70000000,9382
733,2020-2021,14,26,36,0,1591,2715,70000000,,9747
752,2017-2018,44,31,58,18,862,2799,3500000,2500000,10868
752,2018-2019,26,33,43,21,701,2181,2500000,1600000,11233
752,2019-2020,0,0,0,0,0,6,1600000,,11598
755,2017-2018,30,21,78,44,1235,2414,2000000,2000000,10824
755,2018-2019,24,12,46,59,863,1950,2000000,1600000,11189
755,2019-2020,20,20,29,56,872,2007,1600000,1000000,11554
755,2020-2021,26,36,69,68,1459,2807,1000000,,11919
775,2017-2018,78,48,93,35,1744,3202,12000000,,8340
782,2017-2018,49,35,66,56,1303,2332,7500000,7500000,9983
782,2018-2019,29,22,24,22,753,1545,7500000,4800000,10348
782,2019-2020,16,11,13,25,461,773,4800000,2500000,10713
782,2020-2021,8,5,9,8,340,565,2500000,1800000,11078
782,2021-2022,24,18,26,33,521,1434,1800000,,11444
793,2019-2020,6,13,8,22,152,536,800000,1500000,9829
793,2020-2021,9,16,14,22,329,1242,1500000,1500000,10194
793,2021-2022,12,19,22,34,411,1408,1500000,,10560
800,2017-2018,1,0,0,0,2,16,300000,,9355
805,2018-2019,10,2,12,25,192,776,1500000,1200000,8880
805,2020-2021,18,14,24,40,637,1587,1200000,,9610
812,2017-2018,23,19,27,47,822,1710,50000000,,8255
816,2017-2018,22,41,43,63,1360,2326,17500000,25000000,8539
816,2018-2019,15,27,26,57,935,1752,25000000,20000000,8904
816,2019-2020,14,14,28,70,1427,2327,20000000,20000000,9269
816,2020-2021,0,1,2,3,48,90,20000000,,9634
825,2017-2018,55,30,68,63,1608,2999,12000000,15000000,9325
825,2018-2019,41,44,50,60,1426,3092,15000000,7000000,9690
825,2019-2020,42,24,22,40,993,1965,7000000,5000000,10055
825,2020-2021,40,42,37,64,1315,2602,5000000,4000000,10420
825,2021-2022,25,23,20,41,934,1826,4000000,,10786
843,2017-2018,43,27,66,29,1130,2608,2000000,3000000,9840
843,2018-2019,35,25,47,45,763,2533,3000000,2000000,10205
843,2019-2020,19,20,52,34,632,1903,2000000,1800000,10570
843,2020-2021,30,14,47,19,802,2375,1800000,1200000,10935
843,2021-2022,19,11,22,9,414,1347,1200000,,11301
855,2017-2018,28,24,30,14,664,1732,2000000,10000000,9299
855,2018-2019,46,37,35,21,1308,2674,10000000,6500000,9664
855,2019-2020,24,25,35,20,1015,1909,6500000,4000000,10029
855,2020-2021,14,20,13,16,443,1116,4000000,2500000,10394
855,2021-2022,0,1,5,3,38,132,2500000,,10760
877,2017-2018,22,11,16,9,489,1272,1000000,,12029
928,2017-2018,7,6,10,12,214,460,1000000,3000000,10377
928,2018-2019,18,19,31,58,802,2130,3000000,2000000,10742
928,2019-2020,2,4,8,14,508,847,2000000,,11107
930,2017-2018,40,33,38,19,1595,2222,60000000,50000000,9122
930,2018-2019,24,31,26,20,1575,2107,50000000,40000000,9487
930,2019-2020,46,43,36,27,2024,2738,40000000,30000000,9852
930,2020-2021,20,19,13,14,673,950,30000000,18000000,10217
930,2021-2022,28,22,20,14,1020,1551,18000000,,10583
937,2019-2020,16,22,22,30,692,1848,2000000,3000000,9811
937,2020-2021,29,26,37,41,1304,2781,3000000,2000000,10176
937,2021-2022,17,8,26,13,668,1514,2000000,,10542
940,2018-2019,13,12,18,28,603,1173,3000000,1600000,8317
940,2019-2020,3,3,8,6,178,338,1600000,,8682
945,2018-2019,6,2,3,3,63,270,300000,,8659
949,2017-2018,2,3,7,6,136,376,2000000,2000000,10655
949,2018-2019,23,38,39,78,666,2677,2000000,1400000,11020
949,2019-2020,11,9,17,49,237,1446,1400000,800000,11385
949,2020-2021,4,6,13,20,198,883,800000,,11750
957,2018-2019,12,23,20,24,276,1799,3500000,2000000,9050
957,2019-2020,11,8,16,15,281,1119,2000000,3500000,9415
957,2020-2021,21,24,26,20,817,2663,3500000,4000000,9780
957,2021-2022,0,2,1,1,46,180,4000000,4000000,10146
957,2021-2022,17,19,29,20,702,2342,4000000,,10146
991,2017-2018,8,6,29,44,363,994,1200000,,10803
996,2017-2018,60,43,56,24,1325,2916,35000000,50000000,7892
996,2018-2019,59,48,43,34,1437,3137,50000000,40000000,8257
996,2019-2020,30,22,18,19,794,1988,40000000,35000000,8622
996,2020-2021,33,22,38,27,1172,2846,35000000,40000000,8987
996,2021-2022,21,17,19,8,650,1871,40000000,,9353
999,2017-2018,27,28,30,57,595,1690,45000000,70000000,8017
999,2018-2019,15,27,44,55,585,1772,70000000,56000000,8382
999,2019-2020,16,14,23,53,784,1755,56000000,60000000,8747
999,2020-2021,7,17,21,45,974,1765,60000000,50000000,9112
999,2021-2022,12,25,25,41,820,2042,50000000,,9478
1007,2021-2022,8,28,22,56,710,2667,1800000,,11182
1009,2017-2018,27,24,32,26,855,2135,4000000,3000000,8899
1009,2018-2019,1,0,0,0,6,20,3000000,5000000,9264
1009,2021-2022,25,22,25,28,1400,2855,5000000,,10360
1010,2017-2018,24,18,29,45,671,1374,15000000,10000000,8985
1010,2018-2019,2,0,0,4,116,113,10000000,10000000,9350
1010,2018-2019,1,1,2,3,16,90,10000000,6500000,9350
1010,2019-2020,20,13,20,57,623,1529,6500000,7000000,9715
1010,2020-2021,21,29,36,86,1438,2699,7000000,3500000,10080
1010,2021-2022,10,11,17,31,621,1117,3500000,,10446
1019,2017-2018,8,8,13,14,197,405,800000,,12036
1022,2017-2018,27,30,51,59,1197,2584,20000000,20000000,9533
1022,2018-2019,16,37,70,60,1127,2623,20000000,17500000,9898
1022,2019-2020,14,36,48,80,1547,2801,17500000,15000000,10263
1022,2020-2021,11,32,59,69,1332,2716,15000000,7000000,10628
1022,2021-2022,12,18,39,38,495,1592,7000000,,10994
1042,2017-2018,27,17,24,22,524,1428,800000,,9015
1049,2017-2018,28,26,31,38,642,1778,4000000,10000000,9993
1049,2018-2019,29,21,41,32,1130,1742,10000000,8000000,10358
1049,2019-2020,19,15,21,31,772,1175,8000000,2500000,10723
1049,2020-2021,3,6,16,0,472,697,2500000,,11088
1062,2017-2018,24,25,23,39,630,1555,6000000,6000000,8287
1062,2018-2019,17,23,19,25,396,1339,6000000,6000000,8652
1062,2018-2019,1,2,2,5,87,196,6000000,4800000,8652
1062,2019-2020,24,37,42,83,969,2610,4800000,10000000,9017
1062,2020-2021,19,22,46,0,1131,2316,10000000,4000000,9382
1062,2021-2022,29,41,36,52,1051,2420,4000000,,9748
1063,2017-2018,4,4,9,3,207,460,7500000,4000000,9995
1063,2018-2019,11,5,4,7,236,528,4000000,3500000,10360
1063,2019-2020,14,14,23,10,617,2165,3500000,2000000,10725
1063,2020-2021,5,10,12,0,423,595,2000000,2000000,11090
1063,2021-2022,25,19,25,10,877,1901,2000000,,11456
1064,2017-2018,16,5,14,6,238,895,800000,600000,8152
1064,2018-2019,8,6,6,13,164,647,600000,,8517
1070,2017-2018,52,28,61,46,921,2557,4000000,10000000,8957
1070,2018-2019,27,19,38,46,956,2139,10000000,12000000,9322
1070,2019-2020,43,31,37,70,1216,2545,12000000,5000000,9687
1070,2020-2021,12,6,6,0,307,639,5000000,4000000,10052
1070,2021-2022,22,14,13,17,473,1172,4000000,,10418
1074,2017-2018,6,26,26,39,607,1748,1500000,,10343
1083,2018-2019,33,32,29,68,867,2110,2500000,,9862
1088,2018-2019,31,34,42,75,1384,3120,20000000,16000000,10187
1088,2019-2020,35,26,30,54,1324,2850,16000000,12000000,10552
1088,2020-2021,19,14,11,24,909,1682,12000000,3000000,10917
1088,2021-2022,11,19,13,21,487,1015,3000000,,11283
1094,2017-2018,16,18,16,17,212,667,1500000,1500000,10245
1094,2017-2018,11,3,14,8,203,522,1500000,,10245
1096,2017-2018,21,17,47,37,540,1637,1800000,4000000,9100
1096,2018-2019,31,31,53,53,717,2023,4000000,3200000,9465
1096,2019-2020,40,30,65,79,904,2684,3200000,,9830
1098,2017-2018,1,1,2,1,28,90,35000000,,8255
1100,2017-2018,38,21,52,28,1062,2249,3000000,3000000,9094
1100,2018-2019,27,20,30,28,670,1642,3000000,6000000,9459
1100,2019-2020,36,26,28,42,1165,2872,6000000,6000000,9824
1100,2020-2021,18,21,25,21,900,2131,6000000,2500000,10189
1100,2021-2022,0,0,0,0,1,4,2500000,,10555
1111,2017-2018,14,7,12,21,235,983,1200000,,10040
1113,2017-2018,40,40,44,25,670,2138,2000000,5000000,7746
1113,2018-2019,35,46,57,51,814,2772,5000000,4800000,8111
1113,2019-2020,32,30,47,55,912,2663,4800000,4000000,8476
1113,2020-2021,30,44,66,45,938,2545,4000000,3000000,8841
1113,2021-2022,47,40,57,54,897,2621,3000000,,9207
1115,2017-2018,20,20,45,41,870,1596,5000000,10000000,8315
1115,2018-2019,29,23,39,64,965,2254,10000000,8000000,8680
1115,2019-2020,17,21,15,64,811,1510,8000000,15000000,9045
1115,2020-2021,16,12,15,62,1058,1884,15000000,20000000,9410
1115,2021-2022,14,19,29,54,989,2105,20000000,,9776
1128,2017-2018,37,32,56,63,1460,2680,8000000,9000000,9045
1128,2018-2019,38,30,40,82,1240,2765,9000000,4000000,9410
1128,2019-2020,7,6,7,17,434,717,4000000,3000000,9775
1128,2020-2021,3,5,6,20,508,719,3000000,3000000,10140
1128,2021-2022,24,33,40,39,1161,2720,3000000,,10506
1136,2017-2018,68,35,40,41,873,2116,35000000,70000000,7627
1136,2018-2019,25,17,14,21,448,1117,70000000,,7992
1156,2017-2018,1,2,8,1,77,173,600000,,8532
1162,2017-2018,77,24,55,19,1206,2622,1200000,500000,11564
1162,2018-2019,10,6,16,0,206,507,500000,200000,11929
1162,2020-2021,3,3,4,2,98,179,200000,,12659
1167,2017-2018,4,2,3,2,84,233,1000000,800000,7297
1167,2018-2019,8,1,7,4,77,290,800000,650000,7662
1167,2019-2020,15,13,13,9,245,852,650000,1200000,8027
1167,2020-2021,2,5,4,4,85,269,1200000,1200000,8392
1167,2020-2021,1,1,2,3,38,93,1200000,,8392
1178,2018-2019,40,35,41,28,1152,3136,12000000,5500000,8973
1178,2019-2020,20,21,23,19,993,2265,5500000,6000000,9338
1178,2020-2021,26,18,35,23,897,1786,6000000,18000000,9703
1178,2021-2022,40,28,34,24,1016,2404,18000000,,10069
1182,2021-2022,6,6,15,24,287,658,2000000,,10486
1183,2017-2018,8,13,16,24,360,921,1000000,2000000,10356
1183,2018-2019,10,19,26,39,489,1362,2000000,1600000,10721
1183,2019-2020,13,11,21,29,566,1332,1600000,,11086
1184,2017-2018,15,23,30,40,1054,1791,3000000,3000000,10462
1184,2018-2019,14,20,20,28,750,1310,3000000,1200000,10827
1184,2019-2020,5,10,18,9,216,711,1200000,300000,11192
1184,2020-2021,3,0,3,0,40,168,300000,,11557
1195,2017-2018,40,39,32,20,454,2440,5000000,22000000,7572
1195,2018-2019,44,33,29,27,701,2095,22000000,9500000,7937
1195,2019-2020,19,18,16,12,584,1349,9500000,20000000,8302
1195,2020-2021,19,21,34,32,942,2093,20000000,18000000,8667
1195,2021-2022,16,12,31,14,723,1701,18000000,,9033
1200,2017-2018,2,1,5,3,74,192,800000,800000,9435
1200,2018-2019,6,2,4,6,162,419,800000,,9800
1201,2019-2020,14,5,10,8,216,718,550000,400000,10691
1201,2020-2021,22,15,15,24,341,1191,400000,400000,11056
1201,2021-2022,34,28,36,26,663,2304,400000,,11422
1207,2021-2022,20,38,28,61,949,2552,2000000,,10365
1210,2017-2018,69,37,58,49,1359,3123,2500000,2500000,10269
1210,2018-2019,31,19,22,46,865,1749,2500000,1600000,10634
1210,2019-2020,23,17,30,26,623,1871,1600000,,10999
1227,2018-2019,32,29,47,41,386,1277,1500000,,8647
1228,2017-2018,9,10,18,18,603,1018,5000000,2500000,11371
1228,2018-2019,4,4,6,13,360,587,2500000,,11736
1258,2017-2018,11,17,12,15,493,1190,200000,200000,12999
1258,2018-2019,2,5,4,1,84,230,200000,,13364
1265,2017-2018,29,28,42,26,831,2025,2000000,,10653
1288,2017-2018,9,8,9,32,380,990,1000000,1000000,10074
1288,2018-2019,5,7,13,23,290,660,1000000,725000,10439
1288,2019-2020,3,7,6,10,196,485,725000,800000,10804
1288,2020-2021,13,23,36,71,1028,2060,800000,800000,11169
1288,2021-2022,8,18,24,67,807,1773,800000,,11535
1292,2017-2018,14,17,36,27,668,1257,3000000,5000000,9871
1292,2018-2019,23,19,31,71,1104,1702,5000000,4000000,10236
1292,2019-2020,13,15,23,45,921,1431,4000000,,10601
1299,2017-2018,18,11,31,39,224,1540,1000000,2000000,9719
1299,2018-2019,10,13,22,51,365,1701,2000000,1200000,10084
1299,2019-2020,8,7,2,7,180,456,1200000,1200000,10449
1299,2019-2020,2,2,0,3,56,180,1200000,1000000,10449
1299,2020-2021,17,22,37,54,602,2263,1000000,,10814
1300,2017-2018,19,25,19,34,408,1429,2000000,2000000,8009
1300,2021-2022,16,21,19,27,594,1793,2000000,,9470
1309,2017-2018,43,32,77,48,1154,3240,2500000,800000,10124
1309,2021-2022,5,5,16,14,622,1366,800000,,11585
1314,2017-2018,13,7,11,5,447,901,1500000,1500000,8447
1314,2018-2019,30,27,35,25,831,1754,1500000,1200000,8812
1314,2019-2020,5,4,2,3,112,258,1200000,,9177
1320,2017-2018,42,29,16,27,922,2111,7500000,2000000,8643
1320,2018-2019,2,4,4,4,90,211,2000000,1600000,9008
1320,2019-2020,12,7,3,8,193,623,1600000,1500000,9373
1320,2020-2021,7,8,4,4,327,644,1500000,3000000,9738
1320,2021-2022,23,37,23,18,874,1925,3000000,,10104
1321,2017-2018,10,16,25,14,729,1261,5500000,,7675
1329,2018-2019,1,2,0,11,69,447,20000000,13000000,11515
1329,2019-2020,0,0,0,2,10,45,13000000,3500000,11880
1329,2020-2021,2,3,0,20,75,513,3500000,5000000,12245
1329,2021-2022,0,2,1,9,42,342,5000000,,12611
1341,2017-2018,10,6,14,6,190,579,600000,,11482
1357,2021-2022,9,29,39,58,898,1988,5000000,,10781
1358,2018-2019,23,27,27,26,779,1868,10000000,6000000,9228
1358,2019-2020,4,0,2,0,38,75,6000000,2200000,9593
1358,2020-2021,1,0,0,1,22,67,2200000,1200000,9958
1358,2021-2022,8,3,1,2,95,322,1200000,,10324
1361,2019-2020,21,31,22,66,970,2775,2000000,2000000,9947
1361,2021-2022,7,17,18,27,532,1530,2000000,,10678
1363,2018-2019,4,4,7,10,151,320,2000000,,9235
1364,2017-2018,24,10,24,26,396,1109,1500000,,8067
1365,2017-2018,22,29,41,16,555,1909,1200000,200000,8869
1365,2018-2019,29,52,51,60,898,2854,200000,800000,9234
1365,2019-2020,1,0,3,5,81,191,800000,1500000,9599
1365,2020-2021,7,24,35,15,730,1425,1500000,2000000,9964
1365,2021-2022,20,25,30,28,832,2010,2000000,,10330
1373,2017-2018,20,38,45,46,809,2299,40000000,35000000,9490
1373,2018-2019,10,13,22,35,446,1398,35000000,25500000,9855
1373,2019-2020,17,16,24,62,871,1980,25500000,25000000,10220
1373,2020-2021,25,33,42,0,1487,2953,25000000,16000000,10585
1373,2021-2022,20,19,37,71,1139,2440,16000000,,10951
1377,2017-2018,17,13,22,7,413,721,800000,,10243
1393,2017-2018,29,20,32,38,810,1582,5000000,30000000,7217
1393,2018-2019,35,30,45,59,1031,2549,30000000,24000000,7582
1393,2019-2020,21,38,26,65,1479,2640,24000000,20000000,7947
1393,2020-2021,16,20,12,0,1060,1959,20000000,15000000,8312
1393,2021-2022,10,16,27,41,908,1648,15000000,,8678
1398,2017-2018,7,8,11,13,385,675,15000000,25000000,8013
1398,2018-2019,30,35,63,93,1031,2613,25000000,24000000,8378
1398,2019-2020,19,33,62,104,1164,2810,24000000,20000000,8743
1398,2020-2021,12,12,53,58,907,1948,20000000,13000000,9108
1398,2021-2022,14,21,45,56,832,1860,13000000,,9474
1425,2019-2020,43,53,48,67,1027,2884,1200000,1000000,11160
1425,2020-2021,10,14,16,17,258,828,1000000,700000,11525
1425,2021-2022,15,19,17,29,508,1500,700000,,11891
1426,2017-2018,17,15,12,9,489,704,15000000,,8566
1428,2017-2018,21,18,15,6,856,2080,5000000,,8394
1430,2017-2018,18,45,50,109,753,2691,6000000,2000000,8460
1430,2018-2019,5,9,7,26,114,430,2000000,1600000,8825
1430,2019-2020,13,23,32,87,671,2121,1600000,2200000,9190
1430,2020-2021,2,2,7,14,127,468,2200000,,9555
1434,2019-2020,45,30,58,43,1311,2979,6700000,12000000,7650
1434,2020-2021,17,10,35,10,516,1168,12000000,20000000,8015
1434,2021-2022,22,13,25,23,820,1575,20000000,,8381
1440,2017-2018,69,38,38,110,792,2377,5000000,,10882
1451,2017-2018,15,9,17,10,541,963,15000000,15000000,7027
1451,2018-2019,33,21,33,22,937,1976,15000000,,7392
1466,2017-2018,15,23,29,45,384,1530,1800000,10000000,9919
1466,2018-2019,34,42,53,79,896,3240,10000000,7000000,10284
1466,2019-2020,15,24,37,64,771,2654,7000000,4000000,10649
1466,2020-2021,12,25,37,52,823,2631,4000000,2000000,11014
1466,2021-2022,16,36,27,62,930,3042,2000000,,11380
1467,2017-2018,16,9,9,8,317,797,8000000,5000000,6981
1467,2018-2019,4,9,6,0,140,270,5000000,1600000,7346
1467,2019-2020,15,9,8,11,172,470,1600000,2500000,7711
1467,2020-2021,6,12,10,8,276,728,2500000,1500000,8076
1467,2021-2022,12,6,8,4,230,590,1500000,,8442
1469,2017-2018,50,44,35,70,1441,3001,25000000,60000000,7869
1469,2018-2019,29,30,21,44,1024,1933,60000000,48000000,8234
1469,2019-2020,31,29,35,59,1985,2424,48000000,25000000,8599
1469,2020-2021,21,26,33,59,2130,2475,25000000,12000000,8964
1469,2021-2022,11,7,13,16,743,826,12000000,,9330
1475,2017-2018,35,39,71,59,1965,3024,9000000,16000000,9203
1475,2018-2019,34,39,41,53,2407,3059,16000000,16000000,9568
1475,2019-2020,15,29,38,59,1628,2576,16000000,8000000,9933
1475,2020-2021,17,21,39,41,1387,2392,8000000,6000000,10298
1475,2021-2022,5,17,13,26,920,1375,6000000,,10664
1476,2019-2020,4,7,7,16,252,673,6000000,2500000,10184
1476,2020-2021,0,8,6,19,75,321,2500000,,10549
1477,2017-2018,5,10,22,35,297,1022,500000,400000,11866
1477,2018-2019,9,4,22,30,180,701,400000,,12231
1480,2017-2018,36,26,49,18,1053,2815,12000000,4500000,7194
1480,2020-2021,20,15,13,15,675,1540,4500000,,8289
1484,2017-2018,37,32,42,39,878,2118,5000000,2500000,10882
1484,2018-2019,23,24,26,46,640,1738,2500000,,11247
1491,2017-2018,13,11,22,11,418,1109,2000000,1200000,7854
1491,2019-2020,3,2,0,3,50,219,1200000,,8584
1492,2017-2018,2,0,1,1,73,134,500000,,8347
1493,2017-2018,27,25,26,5,1436,2918,25000000,25000000,7689
1493,2018-2019,25,11,11,1,648,1178,25000000,16000000,8054
1493,2019-2020,2,4,2,0,148,343,16000000,10000000,8419
1493,2020-2021,7,6,6,2,398,829,10000000,,8784
1507,2017-2018,43,30,76,28,892,2228,2500000,3000000,8713
1507,2021-2022,20,29,30,26,849,1644,3000000,,10174
1512,2017-2018,32,22,27,19,726,1635,2000000,3000000,8338
1512,2018-2019,11,13,8,6,180,484,3000000,2400000,8703
1512,2019-2020,31,30,31,21,502,1931,2400000,2400000,9068
1512,2019-2020,0,0,0,1,4,6,2400000,3500000,9068
1512,2020-2021,8,10,20,13,358,1095,3500000,1800000,9433
1512,2021-2022,11,10,7,10,162,435,1800000,,9799
1515,2017-2018,25,18,31,23,945,1492,3000000,2500000,10918
1515,2018-2019,22,12,20,19,468,1070,2500000,2500000,11283
1515,2018-2019,10,4,10,16,239,601,2500000,1400000,11283
1515,2019-2020,20,18,22,33,450,1277,1400000,1000000,11648
1515,2020-2021,14,11,25,31,385,1232,1000000,,12013
1522,2020-2021,12,10,11,0,290,600,1200000,,9433
1523,2017-2018,33,27,62,62,547,2057,3000000,6000000,10334
1523,2018-2019,32,32,65,102,1045,2962,6000000,4800000,10699
1523,2019-2020,31,14,46,79,599,1918,4800000,2500000,11064
1523,2020-2021,24,38,62,0,1508,3071,2500000,,11429
1533,2019-2020,18,17,28,19,563,1447,2400000,1000000,8200
1533,2020-2021,1,1,3,0,76,110,1000000,,8565
1536,2017-2018,9,7,5,6,182,423,1500000,,9059
1539,2017-2018,35,25,37,47,1483,2189,60000000,45000000,8449
1539,2018-2019,5,10,18,11,841,1189,45000000,32000000,8814
1539,2019-2020,5,4,22,21,745,949,32000000,8000000,9179
1539,2020-2021,1,11,9,0,579,645,8000000,2000000,9544
1539,2021-2022,2,1,0,3,42,90,2000000,,9910
1545,2017-2018,30,24,36,44,608,1696,25000000,12000000,9123
1545,2019-2020,5,5,8,13,110,362,12000000,5000000,9853
1545,2020-2021,12,5,8,0,212,519,5000000,5000000,10218
1545,2021-2022,17,10,12,33,436,914,5000000,,10584
1549,2017-2018,1,1,3,1,29,77,100000,,6961
1550,2017-2018,15,19,25,37,738,1835,2000000,1500000,10609
1550,2018-2019,8,1,7,2,227,645,1500000,,10974
1551,2017-2018,33,13,41,17,634,1828,1500000,7500000,7541
1551,2018-2019,29,33,27,19,653,2032,7500000,4800000,7906
1551,2019-2020,30,19,18,26,714,2099,4800000,3000000,8271
1551,2020-2021,18,9,27,19,534,1558,3000000,2500000,8636
1551,2021-2022,22,20,25,31,547,1616,2500000,,9002
1552,2017-2018,20,13,24,14,519,1153,2000000,,10137
1553,2017-2018,1,0,0,1,7,61,0,,6451
1554,2017-2018,5,7,14,19,208,689,800000,800000,10150
1554,2018-2019,23,21,36,84,686,1868,800000,600000,10515
1554,2020-2021,4,19,16,17,205,909,600000,,11245
1555,2017-2018,0,0,0,1,18,90,200000,,8032
1560,2017-2018,0,0,0,3,3,29,0,150000,6871
1560,2020-2021,0,2,3,9,39,135,150000,,7966
1563,2017-2018,2,0,5,2,105,193,5000000,3000000,7202
1563,2018-2019,6,6,9,3,231,629,3000000,,7567
1567,2017-2018,16,10,20,34,448,1239,2500000,,10455
1572,2017-2018,14,10,17,19,232,1040,1500000,4000000,7928
1572,2018-2019,13,29,29,38,514,1632,4000000,4000000,8293
1572,2019-2020,2,1,3,12,88,267,4000000,4000000,8658
1572,2019-2020,9,12,12,19,283,809,4000000,2500000,8658
1572,2020-2021,14,8,13,40,301,1326,2500000,1800000,9023
1572,2021-2022,1,5,4,8,115,403,1800000,,9389
1573,2017-2018,10,9,22,20,151,720,600000,5000000,9330
1573,2018-2019,26,29,52,158,556,2794,5000000,8000000,9695
1573,2019-2020,11,19,21,46,562,1530,8000000,8000000,10060
1573,2019-2020,6,10,21,55,287,1530,8000000,4000000,10060
1573,2021-2022,24,32,44,82,1458,3330,4000000,,10791
1576,2017-2018,6,6,6,7,294,540,3000000,,9396
1578,2017-2018,13,43,30,29,535,2017,2000000,600000,9070
1578,2018-2019,19,19,19,31,275,1254,600000,475000,9435
1578,2019-2020,3,1,5,12,76,309,475000,800000,9800
1578,2020-2021,5,1,10,10,102,557,800000,800000,10165
1578,2021-2022,0,0,0,0,11,45,800000,,10531
1581,2017-2018,1,1,2,1,65,108,500000,,9585
1583,2017-2018,13,18,16,11,305,821,4000000,1600000,9558
1583,2019-2020,1,5,5,0,143,269,1600000,,10288
1589,2017-2018,5,5,11,3,131,435,400000,300000,7637
1589,2018-2019,10,9,12,17,151,749,300000,,8002
1590,2017-2018,65,33,78,70,688,3239,15000000,25000000,9133
1590,2018-2019,34,27,74,87,705,2976,25000000,24000000,9498
1590,2019-2020,32,20,34,86,711,3060,24000000,18000000,9863
1590,2020-2021,39,24,42,67,757,2941,18000000,10000000,10228
1590,2021-2022,26,24,59,52,1031,3115,10000000,,10594
1596,2017-2018,17,21,20,19,539,1189,5000000,25000000,7437
1596,2018-2019,25,27,23,34,914,1937,25000000,20000000,7802
1596,2019-2020,15,15,17,11,734,1014,20000000,8000000,8167
1596,2020-2021,1,5,4,3,202,289,8000000,,8532
1603,2017-2018,2,1,4,1,42,76,1000000,1500000,7455
1603,2018-2019,9,5,4,6,225,455,1500000,1600000,7820
1603,2019-2020,8,13,13,8,336,714,1600000,10000000,8185
1603,2020-2021,43,25,23,21,1143,2382,10000000,10000000,8550
1603,2021-2022,31,16,18,22,1199,2289,10000000,,8916
1608,2017-2018,19,16,21,11,456,993,2500000,6000000,7601
1608,2018-2019,28,15,21,8,776,1778,6000000,,7966
1611,2017-2018,15,9,10,9,411,757,5000000,,6633
1612,2017-2018,12,15,25,52,712,1928,5000000,25000000,7868
1612,2018-2019,24,34,37,70,1355,2806,25000000,20000000,8233
1612,2019-2020,8,11,12,26,504,1217,20000000,35000000,8598
1612,2020-2021,31,23,36,33,1622,2578,35000000,20000000,8963
1612,2021-2022,15,18,29,49,1115,1865,20000000,,9329
1615,2017-2018,0,0,2,2,36,63,200000,200000,6821
1615,2018-2019,0,2,1,1,44,90,200000,,7186
1618,2017-2018,30,27,53,60,1029,3065,5000000,7000000,9378
1618,2018-2019,25,31,57,106,1277,2767,7000000,,9743
1620,2017-2018,24,16,32,43,666,1571,10000000,8000000,10143
1620,2018-2019,19,41,27,74,777,2008,8000000,,10508
1623,2017-2018,19,18,15,14,504,1184,5000000,3000000,10417
1623,2018-2019,2,8,1,1,193,506,3000000,,10782
1626,2017-2018,1,1,2,0,17,45,0,,7890
1627,2017-2018,0,1,1,1,36,90,600000,,7576
1628,2017-2018,1,0,1,0,10,60,0,,7174
1632,2017-2018,55,28,50,59,879,2642,10000000,3500000,7113
1632,2020-2021,17,18,35,40,753,1964,3500000,5000000,8208
1632,2021-2022,47,30,46,59,888,2945,5000000,,8574
1634,2017-2018,16,19,36,29,352,1528,1500000,15000000,8276
1634,2018-2019,26,35,40,95,533,2008,15000000,11000000,8641
1634,2019-2020,1,0,2,5,9,90,11000000,,9006
1637,2017-2018,0,1,2,1,74,81,800000,300000,8362
1637,2018-2019,3,2,3,2,44,90,300000,,8727
1639,2017-2018,8,6,6,10,226,371,9000000,,8136
1640,2017-2018,10,23,33,44,517,1773,1500000,2000000,8861
1640,2018-2019,0,4,5,7,51,316,2000000,,9226
1642,2017-2018,6,4,13,2,170,424,500000,,7365
1648,2017-2018,28,18,24,36,381,1407,1500000,1000000,9582
1648,2018-2019,2,3,1,4,95,211,1000000,,9947
1656,2017-2018,52,52,67,70,1220,2941,15000000,15000000,7276
1656,2018-2019,11,20,28,43,469,1064,15000000,16000000,7641
1656,2019-2020,10,25,23,48,601,1572,16000000,20000000,8006
1656,2020-2021,12,19,32,61,988,2109,20000000,9000000,8371
1656,2021-2022,4,9,8,12,292,622,9000000,,8737
1657,2017-2018,22,23,62,70,658,2214,3000000,6000000,9125
1657,2018-2019,39,25,36,75,698,2245,6000000,4800000,9490
1657,2019-2020,19,23,42,87,556,2090,4800000,4000000,9855
1657,2020-2021,21,39,59,95,835,2641,4000000,,10220
1658,2017-2018,1,3,1,6,11,103,800000,3000000,7002
1658,2018-2019,17,25,10,42,221,1007,3000000,1600000,7367
1658,2019-2020,40,32,23,71,518,1870,1600000,12000000,7732
1658,2020-2021,33,33,31,77,783,2614,12000000,15000000,8097
1658,2021-2022,47,45,55,111,1017,2803,15000000,,8463
1666,2017-2018,23,27,40,24,768,2425,2000000,2500000,10285
1666,2018-2019,15,21,20,20,384,1449,2500000,1600000,10650
1666,2019-2020,15,24,34,34,849,2374,1600000,1200000,11015
1666,2020-2021,12,21,33,23,720,1623,1200000,700000,11380
1666,2021-2022,7,7,7,12,304,848,700000,,11746
1671,2017-2018,3,2,0,2,14,90,0,,7164
1674,2017-2018,1,1,3,2,21,90,0,,6548
1675,2017-2018,1,0,1,0,10,20,0,,7551
1678,2017-2018,0,0,0,0,4,9,300000,950000,7590
1678,2019-2020,17,18,8,6,293,1220,950000,2000000,8320
1678,2020-2021,18,26,11,14,411,1593,2000000,3000000,8685
1678,2021-2022,15,8,8,5,258,856,3000000,,9051
1679,2017-2018,2,3,1,0,38,106,0,,6137
1683,2017-2018,45,36,45,43,758,2219,3000000,,9144
1685,2017-2018,25,16,22,7,1000,1493,30000000,40000000,8447
1685,2018-2019,27,23,22,18,1098,1600,40000000,32000000,8812
1685,2019-2020,30,18,22,12,1469,2097,32000000,,9177
1686,2017-2018,5,5,5,7,78,231,1000000,2000000,8308
1686,2018-2019,16,15,16,34,313,850,2000000,,8673
1694,2017-2018,0,1,0,3,20,52,500000,16000000,7290
1694,2019-2020,21,39,27,45,1732,2971,16000000,50000000,8020
1694,2020-2021,11,33,23,0,1812,2970,50000000,50000000,8385
1694,2021-2022,19,32,19,58,1700,2855,50000000,,8751
1698,2017-2018,7,6,16,9,319,630,12000000,10000000,7301
1698,2018-2019,5,4,7,3,138,311,10000000,6000000,7666
1698,2019-2020,5,7,5,8,176,629,6000000,5000000,8031
1698,2020-2021,6,21,13,0,375,1348,5000000,3000000,8396
1698,2021-2022,5,9,6,11,188,341,3000000,,8762
1701,2017-2018,14,5,10,4,176,447,1000000,2400000,8013
1701,2019-2020,29,24,44,46,889,2332,2400000,2000000,8743
1701,2020-2021,28,39,43,0,709,2348,2000000,5000000,9108
1701,2021-2022,47,32,58,69,1069,2902,5000000,,9474
1704,2018-2019,38,22,19,24,957,2389,3000000,,10167
1706,2018-2019,15,12,23,20,332,1023,800000,800000,9061
1706,2020-2021,14,16,19,14,229,865,800000,1200000,9791
1706,2021-2022,31,26,51,37,611,1844,1200000,,10157
1707,2018-2019,3,0,1,1,64,180,300000,,7321
1709,2018-2019,9,8,5,18,233,536,3000000,,9092
1711,2018-2019,21,21,18,12,644,1863,2000000,800000,10979
1711,2019-2020,18,9,15,7,326,1029,800000,,11344
1714,2018-2019,22,32,35,70,1291,2682,8000000,5500000,9622
1714,2019-2020,27,26,52,83,1320,2888,5500000,7000000,9987
1714,2020-2021,16,23,43,61,1321,2426,7000000,4000000,10352
1714,2021-2022,14,17,27,63,1326,2617,4000000,,10718
1715,2018-2019,32,14,34,41,787,1772,18000000,12000000,9485
1715,2019-2020,24,12,19,21,482,1076,12000000,4000000,9850
1715,2021-2022,5,8,5,9,153,440,4000000,,10581
1724,2018-2019,0,0,0,1,15,67,400000,,10360
1726,2018-2019,0,0,0,0,0,1,600000,,8188
1727,2018-2019,31,55,55,69,1218,3130,10000000,4000000,8145
1727,2019-2020,9,13,8,14,516,1043,4000000,1800000,8510
1727,2021-2022,10,7,16,21,528,1090,1800000,,9241
1734,2018-2019,4,4,8,6,85,176,400000,4000000,8466
1734,2021-2022,23,26,30,117,1393,3240,4000000,,9562
1739,2018-2019,37,36,20,40,744,2354,10000000,18000000,7103
1739,2019-2020,51,58,36,51,916,3237,18000000,20000000,7468
1739,2020-2021,51,45,40,69,923,3244,20000000,28000000,7833
1739,2021-2022,0,0,0,0,15,23,28000000,,8199
1741,2018-2019,8,24,20,36,592,1580,20000000,17500000,7683
1741,2019-2020,8,17,11,37,718,1444,17500000,10000000,8048
1741,2020-2021,8,28,27,45,841,2079,10000000,7000000,8413
1741,2021-2022,24,29,30,33,540,1948,7000000,,8779
1747,2018-2019,7,6,7,3,155,317,3000000,18000000,6927
1747,2019-2020,46,30,31,63,1265,2839,18000000,25000000,7292
1747,2020-2021,52,33,61,58,1533,2991,25000000,25000000,7657
1747,2021-2022,3,1,2,0,57,91,25000000,,8023
1749,2018-2019,9,9,17,37,244,839,3000000,2400000,7885
1749,2019-2020,24,14,32,54,613,1659,2400000,2800000,8250
1749,2020-2021,16,24,43,46,615,2073,2800000,,8615
1752,2018-2019,29,36,42,67,985,2627,8000000,4800000,9799
1752,2019-2020,2,8,3,9,224,453,4800000,2000000,10164
1752,2020-2021,8,7,8,22,423,727,2000000,,10529
1753,2018-2019,39,22,19,17,402,1440,1500000,6000000,8444
1753,2020-2021,54,30,39,15,1399,3065,6000000,12000000,9174
1753,2021-2022,66,48,45,25,1697,3298,12000000,,9540
1756,2018-2019,0,1,1,0,10,49,1000000,,9353
1758,2018-2019,8,2,10,18,234,446,6000000,,7658
1766,2018-2019,11,17,11,32,417,893,12000000,,8702
1770,2018-2019,14,9,12,5,169,544,800000,800000,8019
1770,2021-2022,2,1,0,0,34,70,800000,,9115
1775,2018-2019,11,5,4,7,160,481,3000000,,7439
1777,2018-2019,2,3,4,8,194,284,4000000,12000000,7721
1777,2019-2020,27,20,20,86,1523,2394,12000000,22000000,8086
1777,2020-2021,20,35,36,119,1451,2747,22000000,30000000,8451
1777,2021-2022,32,34,48,107,1897,3330,30000000,,8817
1781,2018-2019,1,0,3,1,69,112,2500000,,6888
1782,2018-2019,3,6,7,14,198,521,300000,1200000,7607
1782,2019-2020,2,4,1,6,217,300,1200000,,7972
1796,2018-2019,55,34,44,30,981,2492,3000000,2800000,10440
1796,2019-2020,27,30,46,27,982,2432,2800000,2000000,10805
1796,2020-2021,22,22,27,21,807,1732,2000000,1800000,11170
1796,2021-2022,19,15,35,18,793,1977,1800000,,11536
1798,2018-2019,4,10,5,1,121,404,10000000,,6927
1801,2018-2019,17,20,25,25,706,2098,800000,650000,11635
1801,2019-2020,8,18,27,43,759,2227,650000,100000,12000
1801,2020-2021,0,2,0,3,28,103,100000,,12365
1802,2018-2019,8,19,7,15,381,951,7500000,4000000,7443
1802,2019-2020,18,13,2,19,502,981,4000000,6000000,7808
1802,2020-2021,16,12,10,14,505,1210,6000000,6000000,8173
1802,2021-2022,17,11,17,25,577,1342,6000000,,8539
1807,2018-2019,18,13,8,3,356,897,3500000,3200000,8565
1807,2019-2020,39,37,31,34,1472,3144,3200000,6000000,8930
1807,2020-2021,9,15,15,15,493,1260,6000000,6000000,9295
1807,2020-2021,16,15,24,27,754,1615,6000000,2500000,9295
1807,2021-2022,3,5,4,1,162,295,2500000,,9661
1808,2018-2019,27,23,37,53,779,2433,5000000,2400000,8842
1808,2019-2020,17,21,36,69,471,1874,2400000,,9207
1809,2018-2019,9,10,8,4,246,763,10000000,9000000,7173
1809,2019-2020,13,12,11,9,366,1087,9000000,9000000,7538
1809,2021-2022,30,25,25,17,935,2720,9000000,,8269
1813,2018-2019,31,36,39,18,837,2211,10000000,9000000,6685
1813,2019-2020,10,3,7,5,246,739,9000000,,7050
1819,2018-2019,4,5,8,3,291,627,1000000,4000000,7801
1819,2019-2020,12,11,12,10,842,1573,4000000,,8166
1821,2018-2019,14,13,20,13,644,1119,15000000,20000000,7686
1821,2019-2020,30,25,33,38,1419,2509,20000000,,8051
1827,2018-2019,0,0,0,3,7,46,2000000,1200000,7598
1827,2019-2020,4,4,4,10,155,497,1200000,2800000,7963
1827,2020-2021,10,15,15,13,294,921,2800000,,8328
1833,2018-2019,38,23,29,16,845,2700,3000000,3200000,8587
1833,2019-2020,34,12,34,39,931,2785,3200000,1800000,8952
1833,2021-2022,8,4,3,1,62,226,1800000,,9683
1836,2018-2019,3,0,1,0,58,90,200000,300000,6781
1836,2021-2022,1,1,2,0,17,41,300000,,7877
1837,2018-2019,3,1,0,1,21,45,200000,,7251
1839,2018-2019,14,11,31,23,394,1429,2000000,1200000,7850
1839,2019-2020,7,7,9,15,202,951,1200000,,8215
1840,2018-2019,2,1,3,2,109,157,8000000,9000000,6577
1840,2019-2020,0,0,0,2,49,77,9000000,,6942
1846,2018-2019,5,8,2,0,87,220,500000,800000,9050
1846,2019-2020,15,18,26,23,593,1325,800000,800000,9415
1846,2020-2021,5,8,9,0,260,562,800000,2000000,9780
1846,2021-2022,24,20,36,18,678,1334,2000000,,10146
1851,2018-2019,5,1,4,2,128,225,5000000,6700000,7029
1851,2019-2020,1,0,1,1,67,90,6700000,,7394
1852,2018-2019,9,6,7,15,237,536,10000000,,7271
1855,2019-2020,21,13,21,17,691,1805,1200000,,8174
1856,2019-2020,27,31,45,49,1078,2502,6500000,6000000,8495
1856,2020-2021,17,7,25,42,511,1289,6000000,7000000,8860
1856,2021-2022,26,23,38,62,1270,2637,7000000,,9226
1857,2019-2020,2,6,0,6,195,238,4500000,25000000,7240
1857,2020-2021,11,24,20,51,985,1510,25000000,50000000,7605
1857,2021-2022,23,37,23,60,1491,2272,50000000,,7971
1861,2019-2020,22,26,28,42,604,1997,4000000,,8035
1864,2019-2020,6,5,8,7,140,450,1200000,,9253
1872,2019-2020,9,11,17,30,246,1119,725000,2500000,9854
1872,2020-2021,6,8,23,30,417,1111,2500000,,10219
1875,2019-2020,4,8,11,18,151,473,100000,,13446
1877,2019-2020,23,33,37,95,1613,3134,32000000,45000000,9423
1877,2020-2021,13,35,31,58,1690,2788,45000000,40000000,9788
1877,2021-2022,24,48,24,80,1916,2957,40000000,,10154
1878,2019-2020,0,2,3,2,75,180,800000,800000,9252
1878,2020-2021,8,3,14,31,147,897,800000,800000,9617
1878,2020-2021,0,0,0,2,4,13,800000,,9617
1882,2019-2020,3,5,2,4,104,259,2700000,6000000,7238
1882,2020-2021,27,24,42,31,892,2137,6000000,8000000,7603
1882,2021-2022,23,20,19,19,453,1414,8000000,,7969
1885,2019-2020,19,34,34,78,988,3087,4000000,12000000,8698
1885,2020-2021,20,29,29,46,742,2363,12000000,8000000,9063
1885,2021-2022,14,27,22,39,567,1687,8000000,,9429
1888,2019-2020,0,0,0,1,21,73,300000,,7994
1893,2019-2020,19,18,40,92,709,2102,25500000,12000000,10822
1893,2020-2021,17,30,36,75,889,2057,12000000,6000000,11187
1893,2021-2022,15,17,28,45,632,1504,6000000,,11553
1897,2019-2020,9,11,14,4,350,752,16000000,,10158
1900,2019-2020,42,31,29,11,617,1768,650000,,10020
1903,2019-2020,15,0,20,0,0,1191,1200000,,9454
1904,2019-2020,3,4,10,25,307,681,800000,6000000,7945
1904,2021-2022,19,17,23,32,797,1464,6000000,,8676
1910,2019-2020,23,24,34,93,760,2610,3200000,3000000,10876
1910,2020-2021,11,22,34,59,568,2026,3000000,1500000,11241
1910,2021-2022,9,11,20,22,430,1159,1500000,,11607
1923,2019-2020,12,16,23,93,1279,2309,22500000,60000000,7355
1923,2020-2021,15,24,40,102,2133,2975,60000000,60000000,7720
1923,2021-2022,17,33,21,77,1894,2736,60000000,,8086
1924,2019-2020,1,1,1,3,42,93,3500000,,8563
1925,2019-2020,4,4,5,3,53,231,325000,,10767
1928,2019-2020,46,28,38,27,914,2396,31500000,25000000,7573
1928,2020-2021,17,15,16,10,577,1129,25000000,30000000,7938
1928,2021-2022,18,22,13,28,485,1181,30000000,,8304
1932,2019-2020,15,17,16,32,343,1197,4800000,,9227
1936,2019-2020,26,19,22,26,1060,1809,32000000,50000000,8608
1936,2020-2021,16,16,26,10,1302,2208,50000000,40000000,8973
1936,2021-2022,14,8,18,11,1226,1734,40000000,,9339
1937,2019-2020,15,12,20,36,602,1022,36000000,40000000,7653
1937,2020-2021,8,19,19,31,714,1133,40000000,60000000,8018
1937,2021-2022,32,42,52,83,1801,3031,60000000,,8384
1941,2019-2020,11,15,28,22,606,2205,800000,4000000,8238
1941,2020-2021,6,16,27,15,421,1797,4000000,4000000,8603
1941,2021-2022,19,27,32,20,676,2108,4000000,,8969
1943,2019-2020,0,0,0,0,1,4,0,,5425
1946,2019-2020,0,1,0,1,27,77,200000,200000,6567
1946,2020-2021,0,0,1,0,46,32,200000,1000000,6932
1946,2021-2022,4,6,6,12,193,381,1000000,,7298
1950,2019-2020,5,10,21,13,497,1270,2300000,2500000,6849
1950,2021-2022,0,0,0,0,2,4,2500000,,7580
1954,2019-2020,8,8,6,8,145,473,450000,,7645
1955,2019-2020,0,0,0,0,0,1,150000,,8034
1956,2019-2020,24,23,23,7,643,1498,4500000,4500000,7253
1956,2019-2020,1,0,0,0,10,37,4500000,4000000,7253
1956,2020-2021,22,35,27,8,829,2190,4000000,,7618
1958,2019-2020,2,2,1,1,37,108,2400000,,8949
1969,2019-2020,1,5,10,9,134,371,1600000,,8080
1972,2019-2020,24,32,35,77,894,2725,11000000,,7199
1975,2019-2020,10,29,33,82,746,2293,650000,800000,11708
1975,2020-2021,11,28,38,83,717,2638,800000,800000,12073
1975,2021-2022,19,19,28,62,781,2299,800000,,12439
1978,2019-2020,17,8,23,11,452,1360,1600000,1800000,7916
1978,2021-2022,3,3,2,4,74,258,1800000,,8647
1979,2019-2020,6,17,16,18,325,814,650000,500000,9881
1979,2021-2022,3,4,5,8,143,404,500000,,10612
1982,2019-2020,5,1,2,7,150,435,2400000,1600000,8638
1982,2020-2021,17,14,20,0,487,1134,1600000,,9003
1984,2019-2020,1,5,4,1,42,238,800000,800000,7783
1984,2020-2021,9,9,11,0,269,850,800000,800000,8148
1984,2021-2022,3,4,1,4,59,239,800000,,8514
1986,2019-2020,34,33,24,26,939,1979,28000000,20000000,10331
1986,2020-2021,39,22,40,0,1406,2475,20000000,15000000,10696
1986,2021-2022,12,12,10,28,607,976,15000000,,11062
1988,2019-2020,17,39,37,55,1016,3182,2400000,4000000,8422
1988,2021-2022,19,34,31,59,1113,3181,4000000,,9153
1995,2020-2021,42,23,23,20,1415,2330,15000000,18000000,10292
1995,2021-2022,29,22,14,22,1543,2260,18000000,,10658
2000,2020-2021,0,1,2,0,9,45,200000,200000,6616
2000,2021-2022,0,1,0,2,26,79,200000,,6982
2004,2020-2021,1,0,0,1,13,26,150000,,8005
2009,2020-2021,1,1,3,2,13,90,0,0,6193
2009,2021-2022,0,1,1,1,8,75,0,,6559
2010,2020-2021,1,1,2,0,11,90,200000,,7436
2021,2020-2021,43,37,49,28,769,2581,1500000,1500000,9749
2021,2021-2022,29,25,34,15,540,1544,1500000,,10115
2023,2020-2021,0,2,1,0,89,259,1000000,,7019
2024,2020-2021,1,2,1,3,68,95,400000,2500000,7241
2024,2021-2022,10,20,16,30,677,1830,2500000,,7607
2026,2020-2021,22,19,15,28,592,1962,2200000,2000000,10018
2026,2021-2022,21,15,16,23,770,1934,2000000,,10384
2027,2020-2021,0,0,0,0,0,1,0,,7423
2030,2020-2021,16,25,10,7,1142,1909,30000000,18000000,6998
2030,2021-2022,15,22,2,7,876,1512,18000000,,7364
2032,2020-2021,4,5,6,11,126,360,1500000,1000000,6898
2032,2021-2022,1,2,4,10,131,344,1000000,,7264
2035,2020-2021,2,0,1,1,36,62,0,300000,7650
2035,2021-2022,0,1,4,2,35,90,300000,,8016
2037,2020-2021,48,30,41,36,650,2601,2500000,6000000,10223
2037,2021-2022,63,45,54,46,1092,3329,6000000,,10589
2039,2020-2021,25,28,32,36,505,2637,3000000,3000000,9638
2039,2021-2022,19,26,24,31,520,1803,3000000,,10004
2040,2020-2021,0,0,1,0,7,45,150000,,7773
2042,2020-2021,9,4,13,5,285,652,1000000,1000000,7264
2042,2021-2022,3,3,10,4,170,276,1000000,,7630
2043,2020-2021,22,21,19,29,642,1168,12000000,25000000,8024
2043,2021-2022,49,29,20,36,982,1924,25000000,,8390
2049,2020-2021,10,15,14,0,321,792,2500000,,7058
2050,2020-2021,0,0,2,2,20,90,600000,,10117
2051,2020-2021,0,1,0,0,28,47,500000,,6861
2053,2020-2021,15,18,22,34,405,1825,1500000,1200000,10584
2053,2021-2022,0,2,1,4,13,136,1200000,,10950
2054,2020-2021,0,3,5,6,240,316,5000000,6000000,6732
2054,2021-2022,5,0,2,2,165,260,6000000,,7098
2058,2020-2021,13,7,14,10,327,1277,800000,,9567
2059,2020-2021,10,9,18,28,436,1220,1500000,,8837
2066,2020-2021,0,0,0,0,11,16,150000,,6708
2077,2020-2021,0,1,0,2,31,96,600000,,8011
2083,2020-2021,33,19,20,14,1545,1901,15000000,6000000,7538
2083,2021-2022,11,5,9,9,652,894,6000000,,7904
2084,2020-2021,11,18,29,27,691,1652,7000000,5000000,7287
2084,2021-2022,11,10,15,12,385,783,5000000,,7653
2085,2020-2021,0,1,4,5,56,153,600000,,7182
2101,2020-2021,17,26,14,22,434,1297,900000,,9097
2102,2020-2021,3,5,12,15,150,741,4000000,,7130
2109,2020-2021,1,0,0,0,67,181,5000000,,8316
2110,2020-2021,5,8,6,13,433,653,3000000,5000000,9161
2110,2021-2022,8,11,9,23,693,1098,5000000,,9527
2112,2020-2021,1,1,0,0,14,30,1500000,,7253
2116,2020-2021,7,7,6,12,339,622,3000000,,7567
2123,2020-2021,10,11,12,0,480,1106,800000,1000000,9408
2123,2021-2022,18,11,19,10,789,1971,1000000,,9774
2127,2020-2021,1,1,0,0,17,65,5500000,,6874
2132,2020-2021,4,2,11,0,244,611,4000000,,8666
2138,2020-2021,14,15,46,0,494,1379,1200000,,10168
2141,2021-2022,3,6,5,7,191,560,6000000,,9075
2145,2021-2022,13,26,22,14,1788,2642,55000000,,10418
2147,2021-2022,34,30,35,69,580,2403,10000000,,8772
2148,2021-2022,0,0,0,0,12,15,100000,,7584
2150,2021-2022,0,1,1,0,23,58,0,,7483
2151,2021-2022,3,0,0,3,49,188,800000,,7854
2153,2021-2022,6,6,4,12,105,469,1800000,,8277
2156,2021-2022,14,10,5,15,437,793,5000000,,9752
2157,2021-2022,9,14,11,21,623,1010,10000000,,10235
2158,2021-2022,1,2,1,0,138,188,4000000,,6285
2159,2021-2022,22,24,39,23,1350,3147,2000000,,10593
2162,2021-2022,32,11,23,27,804,1979,20000000,,9420
2167,2021-2022,0,0,0,0,41,65,200000,,7665
2170,2021-2022,0,0,1,0,7,24,0,,7298
2174,2021-2022,3,3,2,2,169,408,1500000,,8367
2178,2021-2022,32,29,39,79,742,2683,8000000,,7716
2190,2021-2022,3,4,7,8,198,625,800000,,8710
2192,2021-2022,18,22,44,32,1568,2039,18000000,,7297
2193,2021-2022,35,34,45,25,1310,3025,7500000,,7811
2195,2021-2022,1,0,0,0,1,4,600000,,9550
2197,2021-2022,35,33,19,6,610,1688,3000000,,8286
2198,2021-2022,0,0,1,0,19,25,500000,,7430
2199,2021-2022,3,7,4,6,149,365,1500000,,9600
2208,2021-2022,21,22,15,29,335,1437,1200000,,10357
2209,2021-2022,1,2,0,6,50,90,200000,,7815
2210,2021-2022,4,1,4,2,139,395,800000,,8012
2221,2021-2022,3,4,2,0,40,137,0,,6503
2226,2021-2022,25,18,21,22,559,1298,22000000,,9842
2227,2021-2022,9,17,15,29,370,1044,1200000,,9145
2228,2021-2022,0,0,0,0,4,1,800000,,7124
2238,2021-2022,7,14,11,32,244,833,2000000,,9298
2240,2021-2022,4,8,10,10,524,1066,14000000,,8766
2241,2021-2022,2,1,3,1,65,212,1000000,,6032
2245,2021-2022,20,17,28,21,654,2189,2500000,,9772
2250,2021-2022,1,0,0,0,20,88,300000,,7707
2253,2021-2022,9,8,4,6,193,412,1000000,,8730
2256,2021-2022,6,7,4,5,209,512,800000,,6405
2258,2021-2022,0,0,2,1,6,45,150000,,6891
2262,2021-2022,10,14,27,29,491,1464,1200000,,9565
2263,2021-2022,10,11,13,10,414,788,3000000,,10164
2267,2021-2022,0,0,0,0,8,11,250000,,7303
2269,2021-2022,5,3,4,1,86,186,2500000,,8289
2270,2021-2022,11,20,16,56,498,1700,800000,,10819
2271,2021-2022,0,0,0,0,0,1,400000,,7084
2276,2021-2022,27,10,26,23,305,1073,3000000,,9081
2278,2021-2022,21,14,12,21,435,1282,3000000,,7052
2283,2021-2022,13,16,9,12,249,813,5000000,,6574
2287,2021-2022,21,20,26,30,787,1986,12000000,,7851
